species,belly,breast,crown,mantle,nape,rump,tail,tail.underside,throat,wing.coverts,wing.primaries.secondaries,Size,Light_environment ,Parental_care,Territoriality,Hunting_strategy
Actenoides_bougainvillei,-0.249445713,-0.295017098,-0.318845592,-0.304123017,0.024777531,0.212726459,0.267582428,0.036696085,-0.179495324,0.335291159,0.25411697,188,forest,pair,0,
Actenoides_concretus,-0.177869502,-0.294105269,-0.079322496,-0.132040178,-0.050089785,0.13281589,0.17777459,0.014379391,-0.201021417,0.198758127,0.197749935,73.47,forest,pair,0,ground_dweller
Actenoides_hombroni,-0.183842194,-0.23634124,0.172094429,-0.038413394,0.196999054,0.139339836,0.098059717,0.027531644,-0.11697153,0.005678209,-0.026269537,117,forest,pair,0,ground_dweller
Actenoides_lindsayi,-0.027489275,-0.073652557,-0.134133375,0.049986974,-0.076768568,-0.066024575,-0.059201274,-0.043471079,-0.211342026,-0.12714604,-0.120779597,92.84,forest,pair,0,ground_dweller
Actenoides_monachus,-0.237750487,-0.221419179,0.135160437,-0.052921286,0.111501285,-0.051237833,0.03232077,0.031475786,-0.097369177,-0.050806488,-0.061303641,106,forest,pair,0,ground_dweller
Actenoides_princeps,-0.03670871,-0.101569674,0.186683049,-0.094316543,0.111812499,-0.112456688,0.000378632,0.004484885,-0.126593086,-0.070724269,-0.077190786,105,forest,pair,0,
Alcedo_argentata,0.014978616,0.022354953,0.049328672,0.074348186,0.070999818,0.076582483,0.077580047,,-0.065177279,0.057457689,0.049339516,17.84,woodland,pair,0,water_diver
Alcedo_atthis,-0.207765331,-0.182464885,0.059477946,0.133729565,0.087292189,0.171813904,0.185464023,0.045990917,-0.040633018,0.089112292,0.117490991,31.09,woodland,pair,1,water_diver
Alcedo_azurea,-0.21439031,-0.19962328,0.26543541,0.223093869,0.343566994,0.276838139,0.268504391,,-0.123544324,0.229476767,0.15624094,34.9,woodland,pair,,water_diver
Alcedo_coerulescens,-0.018901493,0.063649173,0.102161405,0.040430715,0.11055662,0.143588209,0.111320078,0.033336418,-0.015290722,0.120465345,0.108300979,27.59,open,pair,0,water_diver
Alcedo_cristata,-0.175375628,-0.188495519,0.137007406,0.333466509,0.228145816,0.315851778,0.27729591,-0.067692847,-0.048521735,0.215691659,0.17732804,15.7,open,pair,1,water_diver
Alcedo_cyanopectus,-0.127567156,-0.157374893,0.148827277,0.224886416,0.17386111,0.252664715,,,-0.14520275,0.087726635,0.101999807,21.5,woodland,pair,0,water_diver
Alcedo_euryzona,-0.068576311,0.033175786,-0.014043842,0.048353049,-0.001583354,0.147779147,0.209898159,0.030844665,-0.039389657,0.035552208,0.038918625,43.08,woodland,pair,0,water_diver
Alcedo_hercules,-0.261889415,-0.260155464,0.038670644,0.096591085,0.043803867,0.163031859,0.253844738,0.055761527,-0.150861672,0.076090685,0.083717691,27.59,woodland,pair,0,water_diver
Alcedo_leucogaster,0.00330652,-0.103124448,0.237169026,0.377836256,0.322131157,0.340589753,0.310799473,,-0.005190765,0.358315482,0.218770971,14.5,woodland,pair,0,water_diver
Alcedo_meninting,-0.286038111,-0.233112607,0.251700595,0.33723835,0.340336795,0.352825103,0.28405479,,-0.125689372,0.235570356,0.185683164,20.42,woodland,pair,0,water_diver
Alcedo_pusilla,0.001070866,0.001092088,0.204780349,0.17855088,0.312908781,0.347620746,0.26262403,0.009684702,-0.01759202,0.302277953,0.164281417,13.3,woodland,pair,,water_diver
Alcedo_quadribrachys,-0.299355155,-0.274984354,0.355128768,0.417672743,0.406541038,0.371738411,0.341407942,0.039957512,-0.137820622,0.312603397,0.247792928,34.9,woodland,pair,1,water_diver
Alcedo_semitorquata,-0.185449355,-0.104345161,0.15912585,0.260804008,0.250665763,0.238839876,0.260929438,0.019790132,-0.056737753,0.157361938,0.159360224,47.32,woodland,pair,0,water_diver
Alcedo_vintsioides,-0.213012486,-0.206640365,0.05389264,0.282658062,0.034886213,0.355449752,0.382462662,,-0.100661778,0.21339048,0.256167525,17.9,open,pair,,water_diver
Alcedo_websteri,-0.092850335,-0.109180921,0.132201802,0.169422287,0.220919876,0.282325353,0.210117071,0.041775801,-0.117595198,0.136658126,0.161333316,60.97,woodland,pair,,water_diver
Aspatha_gularis,-0.096262385,-0.169145517,-0.093872925,-0.119466839,-0.107033983,-0.100405476,0.027012978,-0.001607704,0.088655414,-0.128495821,-0.081339758,62.7,forest,pair,0,aerial_catcher
Atelornis_crossleyi,-0.187234382,-0.21886722,-0.186449706,-0.127831502,-0.141949145,-0.005119336,-0.033967679,0.028901277,-0.152161791,-0.031722028,-0.02427677,79,forest,pair,1,ground_dweller
Atelornis_pittoides,-0.097733502,-0.195146452,0.211683097,-0.131566801,0.062415468,-0.116348531,-0.028218393,0.057274899,-0.054725592,-0.058791568,-0.078414828,91.5,forest,pair,1,ground_dweller
Baryphthengus_martii,-0.127856091,-0.282380421,-0.253188968,-0.213765356,-0.277897544,-0.055813797,0.115367936,0.05632237,-0.283896647,-0.065586009,-0.027202465,165.02,forest,pair,0,ground_catcher
Baryphthengus_ruficapillus,-0.133599534,-0.185513672,-0.186560861,-0.169747044,-0.235804384,-0.100863062,-0.008259621,0.016728669,-0.190234437,-0.102987047,-0.063751049,141.65,forest,pair,0,ground_dweller
Brachypteracias_leptosomus,-0.048203983,-0.04554262,-0.04776221,-0.058433303,0.02615811,-0.073835148,-0.10498157,-0.011799587,-0.103588816,-0.076918148,-0.067344909,185,forest,pair,1,aerial_catcher
Brachypteracias_squamiger,-0.052391734,-0.034267352,-0.053846519,-0.190893335,-0.094558,-0.131968767,-0.140527726,-0.006026223,-0.061253868,-0.105931123,-0.061854106,155,forest,pair,,ground_dweller
Caridonax_fulgidus,-0.009851008,-0.019695067,0.064422376,0.300561536,0.199621003,0.02540224,0.221673972,0.04773512,-0.040947213,0.280372835,0.183723046,171.81,forest,pair,1,
Ceryle_rudis,-0.008191814,0.009826587,0.059145807,0.038973409,0.054462353,0.038482849,0.034870843,0.013042024,0.000204885,0.037547229,0.031657946,84.37,open,cooperative,1,water_diver
Ceyx_erithaca,-0.278247835,-0.307354584,-0.170126462,0.417433633,-0.14141739,0.126346716,-0.185124324,-0.199565819,-0.120132747,0.065199792,0.017303256,17.79,woodland,pair,1,ground_catcher
Ceyx_lecontei,-0.235942181,-0.242923122,-0.047042481,0.138117189,-0.076641428,0.33271129,0.3215973,0.019073295,-0.05407481,0.271870864,0.227224688,9.5,woodland,pair,,ground_catcher
Ceyx_lepidus,-0.239468301,-0.258344898,0.321112215,0.172965589,0.357792989,0.278553352,0.326240716,-0.171371707,-0.093679459,0.23195526,0.083317589,21.32,forest,pair,0,aerial_catcher
Ceyx_madagascariensis,-0.022707884,-0.009073879,-0.202840744,-0.186366139,-0.227990074,-0.191876206,-0.150655884,,-0.000769736,-0.208261479,-0.080815721,17.7,woodland,pair,,ground_catcher
Ceyx_melanurus,-0.110002835,-0.071084206,-0.166745986,-0.093470793,-0.027745576,-0.248534383,-0.21830996,-0.171235792,-0.050315456,-0.146889148,-0.161072095,22.8,forest,pair,0,
Ceyx_pictus,-0.244128169,-0.293951721,0.242546396,0.347012248,0.213112129,0.366234633,0.335560326,,-0.044357732,0.322770024,0.141735802,12.72,woodland,pair,,aerial_catcher
Ceyx_rufidorsa,-0.275473792,-0.279584566,-0.224892991,-0.23714994,-0.169326012,-0.115527972,0.001795959,,-0.179240649,-0.221873498,-0.068544085,17.79,woodland,pair,0,
Chloroceryle_aenea,-0.107077968,-0.204564552,-0.020426324,-0.008099232,-0.006871146,0.004224085,0.042827853,0.049022179,-0.195152936,-0.00529905,0.018328706,13.75,woodland,pair,0,aerial_catcher
Chloroceryle_amazona,-0.022653082,-0.157067493,-0.022233058,-0.009460784,-0.019121987,-0.01066563,0.04119475,0.061678787,-0.018974721,-0.004060758,0.001593072,126.38,open,pair,0,water_diver
Chloroceryle_americana,-0.027166895,-0.247916712,-0.043725915,0.007548045,-0.006741113,0.007477094,0.03947195,0.045937425,-0.021424696,-0.01457202,0.025305938,33.73,open,pair,0,water_diver
Chloroceryle_inda,-0.270223823,-0.271175405,-0.051169818,-0.040291375,-0.054787931,-0.020087337,0.022264598,0.069401048,-0.223395781,-0.003356461,0.032141498,52.1,woodland,pair,0,water_diver
Cittura_cyanotis,-0.06813002,-0.000688612,-0.143808687,-0.060013552,-0.066941658,-0.1250704,-0.141622194,-0.141870639,-0.031839,0.150572636,0.069091382,147.02,forest,pair,0,ground_catcher
Clytoceyx_rex,-0.225557647,-0.254912061,-0.158074928,-0.09236475,-0.097844322,-0.054435501,-0.025345059,-0.052418386,-0.089385992,-0.089012002,-0.068004824,242,woodland,pair,0,ground_dweller
Coracias_abyssinicus,0.098872176,0.115620973,0.075072555,0.026731206,0.14776386,0.101715748,0.008227947,0.090673839,0.057463471,0.266316164,0.111030757,102,open,pair,1,aerial_catcher
Coracias_benghalensis,0.040997409,-0.036266983,0.014106308,-0.081446145,-0.025009885,0.12770392,0.081259568,0.110965825,-0.034168185,0.111329732,0.331570912,157.46,open,pair,1,aerial_catcher
Coracias_caudatus,0.123632772,0.047868597,-0.054488563,-0.055209069,-0.049214683,0.135081512,0.036401137,0.110011402,-0.010584123,0.300410278,0.21361872,110,open,pair,1,ground_catcher
Coracias_cyanogaster,0.251317343,-0.069588331,-0.101916501,-0.088306716,-0.087936135,0.157614884,0.146429863,0.120969531,-0.052438422,0.349640992,0.240921881,142,woodland,cooperative,1,ground_catcher
Coracias_garrulus,0.073378656,0.072351738,0.06090243,-0.074151895,0.112394178,-0.075111617,0.052220646,0.091991581,0.0611235,0.164689564,0.089930892,146,open,pair,1,aerial_catcher
Coracias_naevia,-0.038993083,-0.042029869,-0.052193997,-0.099629677,-0.050213126,-0.037092478,0.105736027,0.130492318,-0.033360905,0.001100423,0.113468919,168,open,pair,,ground_catcher
Coracias_spatulatus,0.085977781,0.084464441,-0.087365139,-0.105722152,-0.075164609,0.122834229,0.060401888,0.077188912,0.059641609,-0.004119695,0.022497423,90.36,woodland,pair,1,ground_catcher
Coracias_temminckii,0.120781532,0.156553612,0.073193712,0.008356016,0.112297474,0.146095539,0.20233244,0.138851393,0.136034699,0.243509117,0.05564975,153.67,woodland,pair,0,ground_catcher
Dacelo_gaudichaud,-0.210819926,-0.164411579,0.053440543,-0.153891578,0.014128031,0.163103644,0.205552323,0.023293945,-0.062654355,0.200313741,0.120936222,143,woodland,pair,1,aerial_catcher
Dacelo_leachii,-0.045624307,-0.051977519,-0.047701643,-0.049513653,-0.028831723,0.064382484,0.020529948,-0.028096975,-0.019738251,0.095837682,0.095484875,307.98,open,cooperative,1,aerial_catcher
Dacelo_novaeguineae,-0.070580314,-0.051488331,-0.117539766,-0.045199849,-0.077724628,-0.071672324,-0.065450823,-0.009720015,-0.013724254,-0.024357821,-0.027573022,333.8,woodland,cooperative,1,ground_catcher
Dacelo_tyro,-0.197277604,-0.170739609,-0.023442088,-0.064014196,-0.014699538,0.144321068,0.156419453,0.013031722,-0.118806743,0.121849829,0.094189448,145.9,woodland,cooperative,0,aerial_catcher
Electron_carinatum,-0.160011082,-0.172036554,-0.048392706,-0.113229049,-0.109443851,-0.086970241,0.063145946,0.042984381,-0.079057899,-0.070585262,-0.024772077,64.9,forest,pair,1,aerial_catcher
Electron_platyrhynchum,-0.031518983,-0.190996021,-0.16229248,-0.156128598,-0.245461317,-0.070730006,0.085302438,0.042950718,-0.113061458,-0.062281771,-0.035219613,73,forest,pair,0,aerial_catcher
Eumomota_superciliosa,-0.20452119,-0.140827169,0.065691611,-0.136640171,-0.098393889,-0.136737618,0.163861186,0.090265476,-0.019699947,-0.088376093,0.138236287,62.5,woodland,pair,0,aerial_catcher
Eurystomus_azureus,0.332704179,0.256113567,0.10323569,0.124004432,0.115386437,0.237494332,0.115792341,0.134332768,0.24220581,0.113453918,0.186962343,122.76,open,pair,0,aerial_catcher
Eurystomus_glaucurus,0.043703367,0.039907326,-0.05224011,-0.149306053,-0.072548858,-0.020793363,0.074603961,0.110114768,0.078713669,-0.065594334,0.275818038,110,open,pair,1,aerial_catcher
Eurystomus_gularis,0.003716763,0.062181811,-0.046539449,-0.159668414,-0.108145585,-0.128150333,0.065416849,0.119619411,0.157735824,-0.145334575,0.014064689,96.29,woodland,pair,1,aerial_catcher
Eurystomus_orientalis,0.085128628,0.054366588,0.00529297,-0.01171376,-0.011060209,0.023982208,0.074935083,0.136223909,0.197309664,0.067713235,0.132494183,143.02,open,pair,1,aerial_catcher
Halcyon_albiventris,-0.105869733,-0.083403581,-0.067340301,-0.087752631,-0.070746494,0.138712435,0.115974976,0.032750675,-0.015583682,0.02869027,0.14793756,65.1,woodland,pair,1,ground_catcher
Halcyon_badia,-0.009089537,-0.025418023,-0.086903754,-0.069810011,-0.093906884,0.204640568,0.177579218,0.07312267,-0.01444268,-0.025156425,0.198117096,57.9,forest,pair,0,aerial_catcher
Halcyon_chelicuti,-0.065968893,-0.036577406,-0.01877298,-0.020464883,-0.026058316,0.153516431,0.106575732,0.049422321,-0.021135953,0.001620195,0.080898823,43.24,open,cooperative,1,ground_catcher
Halcyon_coromanda,-0.223234301,-0.172698352,-0.065506863,0.038275409,0.04564988,-0.018436386,0.040649968,-0.074492329,-0.171421921,0.023199149,0.061869221,77.5,forest,pair,1,water_diver
Halcyon_cyanoventris,0.30087999,0.053093286,0.017457399,0.26074338,0.070578218,0.341450514,0.190432019,0.029159049,-0.129074298,0.057135805,0.208317748,93,open,pair,0,ground_catcher
Halcyon_leucocephala,-0.099171532,-0.032112296,-0.049750761,-0.047690054,-0.041769365,0.344088889,0.255094533,0.062550873,-0.001743367,0.096075177,0.177655818,41.8,open,pair,1,aerial_catcher
Halcyon_malimbica,0.032076565,0.173676701,0.044680789,0.192338863,0.180959181,0.247817104,0.18533028,0.061951277,0.006895029,0.07797568,0.246668198,91.8,woodland,pair,1,ground_catcher
Halcyon_pileata,-0.155670487,-0.08176071,0.06007988,0.096215626,-0.003108152,0.258507049,0.326835521,0.068565586,-0.012982307,0.093565531,0.383183061,83.99,open,pair,0,aerial_catcher
Halcyon_senegalensis,-0.020829651,-0.000152087,-0.035258442,0.083070626,0.006484602,0.189932067,0.194087632,0.065478011,-0.005534295,0.10543701,0.171739429,73.44,open,pair,1,ground_catcher
Halcyon_senegaloides,-0.026326432,-0.022144548,-0.024262058,0.014699431,-0.002913549,0.118841054,0.159687031,0.067057663,-0.026177209,0.059267057,0.153573393,61.8,woodland,pair,1,ground_catcher
Halcyon_smyrnensis,-0.117272938,-0.015751124,-0.12340601,0.01582389,-0.094409785,0.171180704,0.154305925,0.066160564,-0.034085644,0.028548332,0.175425064,91.4,woodland,pair,1,water_diver
Hylomanes_momotula,-0.077894083,-0.132382018,-0.122397638,-0.162254967,-0.164365414,-0.107295079,-0.057197567,-0.067728943,-0.117528,-0.072415588,-0.057630033,29.3,forest,pair,0,aerial_catcher
Lacedo_pulchella,-0.057286563,-0.144399027,0.187595882,0.16068184,0.289888952,0.113366241,0.105201357,0.046478515,-0.047072258,0.119503529,0.067362184,47.27,forest,pair,1,aerial_catcher
Megaceryle_alcyon,-0.010039234,-0.011114461,0.079906595,0.075139733,0.081901309,0.0996497,0.086617323,0.067245789,-0.001685749,0.109683534,0.102201467,148,open,pair,1,water_diver
Megaceryle_lugubris,-0.019662696,-0.039561096,0.031755587,0.01608934,0.018219865,0.022650176,0.034324595,0.038528553,-0.010571843,0.021733966,0.031568732,270.99,open,pair,1,water_diver
Megaceryle_maxima,0.02668635,-0.178216033,0.063348625,0.058112006,0.062604142,0.0761511,0.067365138,0.056318556,-0.004070037,0.0669163,0.059105029,325,open,pair,0,water_diver
Megaceryle_torquata,-0.144806157,-0.162216326,0.084368942,0.080548318,0.088429999,0.084665951,0.072646189,0.064972641,-0.012308586,0.112710658,0.103990898,317,open,pair,0,water_diver
Melidora_macrorrhina,-0.083370337,-0.050033557,0.034237489,-0.003881489,0.069838694,-0.077462845,-0.05604123,-0.010708474,-0.054727081,-0.057958679,-0.054168799,97,forest,pair,1,ground_dweller
Meropogon_forsteni,0.074925025,0.252022327,0.025375724,-0.067526554,-0.016283756,-0.063465734,-0.046581197,-0.073434683,0.152272449,-0.078231968,-0.055705029,55,woodland,cooperative,0,aerial_catcher
Merops_albicollis,-0.026042017,0.001464222,-0.022396942,-0.167840725,-0.174571081,0.003251536,0.034185661,0.013158591,-0.041082432,-0.133270126,-0.012831775,25.9,open,cooperative,0,aerial_catcher
Merops_apiaster,0.058906517,0.088004087,-0.073313581,-0.179370281,-0.139724939,-0.181253772,-0.055752956,0.017802996,-0.209410439,-0.201941589,0.0423033,56.6,open,cooperative,0,aerial_catcher
Merops_boehmi,-0.048808421,-0.219633298,-0.252620331,-0.11577252,-0.253995773,-0.05536862,-0.054160976,0.024228974,-0.267173583,-0.082837318,-0.025300464,16.6,woodland,pair,0,aerial_catcher
Merops_breweri,-0.260080787,-0.224051481,0.081771202,-0.1093815,0.027589056,-0.06285713,-0.049911847,-0.025044496,0.069614169,-0.104984284,-0.065241075,49.74,woodland,cooperative,0,aerial_catcher
Merops_bullockoides,-0.157136517,-0.207765465,-0.074580164,-0.117886442,-0.109354273,0.087266952,-0.021841056,0.018288675,-0.1358793,-0.060310846,-0.043051821,34.8,open,cooperative,1,aerial_catcher
Merops_bulocki,-0.172477564,-0.223983695,-0.118111802,-0.185508876,-0.165572645,-0.086640411,-0.145705266,-0.014374668,-0.229345489,-0.13578094,-0.038438111,23.1,open,cooperative,1,aerial_catcher
Merops_gularis,0.155317244,0.095288487,0.070058215,0.063237576,0.078278014,0.177731838,0.106338144,0.087805514,-0.21236147,0.024247257,0.087293166,27.3,woodland,cooperative,0,aerial_catcher
Merops_hirundineus,0.025944743,-0.110955289,-0.19637162,-0.156586919,-0.162890919,-0.005074649,0.134463309,0.012502028,-0.175522126,-0.140703943,-0.130456526,21.7,open,cooperative,0,aerial_catcher
Merops_leschenaulti,-0.049489535,-0.147399898,-0.216450854,-0.207336561,-0.253534235,0.067219993,-0.014946401,0.009969585,-0.155812343,-0.134178423,-0.104344827,27.2,open,cooperative,0,aerial_catcher
Merops_malimbicus,-0.150018109,-0.177946877,-0.050957643,-0.089080194,-0.053611058,-0.085089915,-0.099759716,0.023824231,-0.199693315,0.024295012,0.036238575,50.37,open,cooperative,0,aerial_catcher
Merops_muelleri,0.311692728,0.337719111,0.156357292,0.166702065,0.278383379,-0.065794281,0.197106213,0.088312092,-0.101387664,-0.110894219,-0.134964559,22.5,woodland,cooperative,0,aerial_catcher
Merops_nubicoides,-0.060997797,-0.158709557,0.008220175,-0.230865397,-0.083636792,0.081800792,-0.091240542,0.019837676,-0.139848744,-0.196312573,-0.136652889,42.4,open,cooperative,0,aerial_catcher
Merops_nubicus,-0.140873883,-0.166889579,0.057700722,-0.229893925,-0.112074827,0.060087911,-0.078295025,0.004595183,0.055651852,-0.197090727,-0.160470868,42.4,open,cooperative,0,aerial_catcher
Merops_oreobates,-0.230801382,-0.208797674,-0.055122529,-0.099101183,-0.087678695,-0.033376351,-0.022276366,0.044065306,-0.17743884,-0.091965319,0.014793304,23.96,woodland,cooperative,0,aerial_catcher
Merops_orientalis,-0.044247338,-0.087893009,-0.201519895,-0.195998372,-0.231186621,-0.069766601,-0.102716802,-0.024243991,0.010570485,-0.157651873,-0.136610637,14.8,open,cooperative,1,aerial_catcher
Merops_ornatus,-0.076907131,-0.113920832,-0.153862686,-0.170354401,-0.205111336,0.093580728,0.060805357,0.021506721,-0.152482556,-0.149225038,-0.078726057,29.5,open,cooperative,1,aerial_catcher
Merops_persicus,0.014336465,-0.080624247,0.0000495,-0.135764689,-0.151951299,0.035202092,-0.077069847,0.033012748,-0.222350641,-0.1217445,-0.124293637,49.3,open,cooperative,1,aerial_catcher
Merops_philippinus,-0.081211533,-0.204421802,-0.135180839,-0.17262645,-0.181862088,0.052021409,0.057477813,0.024470383,-0.189940038,-0.125074797,-0.063073024,34,open,cooperative,0,aerial_catcher
Merops_pusillus,-0.20589358,-0.236274329,-0.137665717,-0.12732717,-0.153829809,-0.137632283,-0.080159967,-0.081877988,-0.185576011,-0.138723314,-0.141726915,15.1,open,cooperative,0,aerial_catcher
Merops_revoilii,-0.200822843,-0.078197804,-0.142579904,-0.149930857,-0.153282629,0.092052744,-0.016263397,0.016307612,0.009608789,-0.088408218,-0.023379264,12.9,open,pair,0,aerial_catcher
Merops_superciliosus,-0.050641,-0.130464634,-0.092454845,-0.143239297,-0.143334915,-0.076052423,-0.061334567,0.016450234,-0.208684378,-0.123984806,-0.071783468,38.5,woodland,cooperative,0,aerial_catcher
Merops_variegatus,-0.203984677,-0.055316874,-0.131920274,-0.127598951,-0.15845824,-0.10413737,-0.018729214,-0.038515065,-0.232536244,-0.126747553,-0.090614712,22.5,open,pair,1,aerial_catcher
Merops_viridis,0.012057729,0.036715276,-0.050091973,-0.123420693,-0.093546938,0.059018565,0.108835822,0.007082239,0.094524975,-0.034420121,0.047398276,34.8,woodland,cooperative,0,aerial_catcher
Momotus_aequatorialis,-0.168696944,-0.188075956,0.177167533,-0.133895735,0.202057296,-0.102060817,0.098704265,0.060036045,-0.156340466,-0.097550308,0.026325037,158,woodland,NA,0,ground_dweller
Momotus_mexicanus,-0.060299059,-0.110350878,-0.182792917,-0.176234492,-0.215350507,-0.084877135,0.088286957,0.012154024,-0.094351517,-0.095022001,-0.053887559,75.7,woodland,pair,0,aerial_catcher
Momotus_momota,-0.173671166,-0.207605964,0.104371918,-0.132114687,0.299428781,-0.115173698,0.06767883,0.065446731,-0.195342348,-0.078994773,-0.047528203,114.96,woodland,pair,0,aerial_catcher
Nyctyornis_amictus,-0.002365121,-0.149758489,0.059082809,-0.091244718,-0.090856278,-0.053200301,-0.033215421,-0.093131568,-0.260818514,-0.084429513,-0.053103126,71.89,forest,pair,0,aerial_catcher
Nyctyornis_athertoni,-0.113488952,0.026868232,-0.022159626,-0.061635934,-0.037745879,-0.064661455,-0.04333917,-0.081675852,-0.035689907,-0.069203134,-0.041867003,84.23,woodland,pair,0,aerial_catcher
Pelargopsis_amauroptera,-0.304183991,-0.289731379,-0.232596622,-0.278019882,-0.285132835,0.126372233,-0.059520597,0.006626214,-0.269699732,-0.092076667,-0.066235013,162,open,pair,0,water_diver
Pelargopsis_capensis,-0.233967978,-0.217080821,-0.099699142,-0.129742566,-0.129976478,0.108399895,0.111547088,0.04120375,-0.128160637,-0.006632481,0.113754335,178.68,woodland,pair,1,water_diver
Pelargopsis_melanorhyncha,-0.147580856,-0.110344592,-0.04395082,-0.104068865,-0.050696035,-0.090433893,-0.011593823,0.014941408,-0.107517881,-0.015786849,-0.014390209,193.26,woodland,pair,0,water_diver
Syma_megarhyncha,-0.095865422,-0.226257439,-0.241799562,-0.18968564,-0.252843441,0.040505404,0.132553656,0.066013265,-0.125655589,0.012435974,0.015666165,40,forest,pair,0,aerial_catcher
Syma_torotoro,-0.134384854,-0.18710671,-0.252292742,-0.160351055,-0.280013932,0.033592545,0.160688731,0.03274373,-0.130246166,0.064195596,0.034764805,37.7,forest,pair,1,ground_catcher
Tanysiptera_carolinae,0.302564136,0.377611541,0.378025848,0.382695449,0.420931044,0.001493319,-0.02724157,-0.046085379,0.298441374,0.394044436,0.314305332,50.15,woodland,pair,0,
Tanysiptera_danae,-0.111578171,-0.160457356,-0.153936323,-0.126446881,-0.151842498,-0.200784447,0.224039162,0.035345545,-0.139099464,0.289362205,-0.008144968,43.48,forest,pair,1,
Tanysiptera_galatea,-0.027892363,-0.023837685,0.268316262,0.274921498,0.31816549,0.049223317,0.116604874,0.007494892,-0.072300562,0.271966771,0.202775207,50,forest,pair,0,ground_dweller
Tanysiptera_hydrocharis,-0.023855457,-0.033173018,0.303173979,0.192045576,0.356158364,0.013061629,0.142980421,0.024570307,-0.046693876,0.311116189,0.254107696,50.15,forest,pair,0,ground_dweller
Tanysiptera_nympha,-0.139397616,-0.132586174,0.314554504,0.096918259,0.357320652,-0.219845906,0.385520258,0.045367916,-0.127068245,0.327306025,0.066044737,57,forest,pair,0,ground_dweller
Tanysiptera_riedelii,-0.019828665,-0.025002397,0.225112361,0.22696006,0.232505278,0.325550329,0.009336194,-0.013958096,-0.027868374,0.28762977,0.330582919,65,forest,pair,0,
Tanysiptera_sylvia,-0.262511262,-0.291980688,0.311872186,0.056933498,0.407042584,-0.004029478,0.039391924,0.052096824,-0.261313571,0.31641347,0.301742923,49.6,forest,cooperative,0,ground_dweller
Todiramphus_australasia,-0.243459002,-0.23999183,0.004314732,-0.238213555,-0.060760435,0.098124687,0.201287232,0.040980353,-0.132700177,0.18638818,0.113862055,65.45,forest,pair,0,aerial_catcher
Todiramphus_chloris,-0.045976882,-0.041580726,0.064743842,0.004148555,0.056327362,0.197885381,0.229887758,0.073139424,-0.024179486,0.18357869,0.227414933,66.09,open,pair,1,ground_catcher
Todiramphus_cinnamominus,-0.088947052,-0.107690917,-0.148759885,-0.080820573,-0.185822164,0.106366576,0.135819441,0.007574586,-0.043547549,0.093551692,0.124140257,62.2,woodland,cooperative,0,
Todiramphus_diops,-0.045378226,-0.021391519,0.266230397,0.057303289,0.243384995,0.259929511,0.252068526,0.042195626,-0.02752827,0.360868674,0.263121481,47.37,open,cooperative,0,
Todiramphus_funebris,-0.019842824,-0.007816615,0.037048356,0.042922345,0.04753548,0.022095053,0.060547359,0.042281254,-0.009268782,0.016039766,0.02426137,105.79,woodland,pair,0,ground_catcher
Todiramphus_gambieri,0.00019909,-0.123652479,-0.103780871,-0.087911927,-0.18744943,0.041015772,0.136821728,0.060516057,0.007269408,0.109255437,0.128226039,34.98,woodland,cooperative,0,
Todiramphus_godeffroyi,-0.030464207,-0.012158881,0.007122639,-0.033198824,-0.003241451,0.1156525,0.137128615,0.057643699,-0.0206998,0.162559964,0.169322857,63.35,woodland,cooperative,0,aerial_catcher
Todiramphus_lazuli,0.104682137,-0.009060701,0.320827985,0.291837098,0.345314249,0.216798748,0.280237271,0.092874976,-0.025307867,0.314512576,0.267694086,65.45,woodland,cooperative,0,
Todiramphus_leucopygius,-0.037645212,-0.028828899,0.359734354,0.057670078,0.33467538,0.191176809,0.276923656,0.064669846,-0.040409347,0.403647967,0.295721766,47.92,woodland,pair,0,ground_catcher
Todiramphus_macleayii,-0.014831769,-0.003783691,0.276960415,0.237540323,0.334523923,0.311102782,0.295035632,0.031611573,0.004124971,0.398842763,0.328273139,37.3,woodland,cooperative,1,ground_catcher
Todiramphus_nigrocyaneus,0.177535583,0.187514832,0.258155503,0.084907559,0.373064272,0.311441528,0.205968523,0.040145442,0.001369927,0.315871747,0.237361445,54.2,woodland,cooperative,0,ground_catcher
Todiramphus_pyrrhopygius,-0.054116175,-0.031078038,-0.001292832,-0.049372107,0.00457035,-0.125606144,0.125318707,0.045040769,-0.005396353,0.098781965,0.158321947,51.7,open,pair,0,ground_catcher
Todiramphus_recurvirostris,-0.125681991,-0.066374624,0.07444181,-0.136234004,0.042518874,0.140647797,0.158480101,0.032688126,-0.029397159,0.160438858,0.176276235,52.96,open,NA,0,ground_catcher
Todiramphus_sanctus,-0.156122254,-0.134230369,-0.026127315,-0.11861248,0.002568262,0.087324955,0.139635143,0.035636134,-0.056333087,0.077572759,0.152748499,52.96,open,pair,1,ground_catcher
Todiramphus_saurophaga,-0.021368835,-0.011251096,-0.007204156,0.020861145,-0.006553983,0.150477174,0.216899166,0.059540388,-0.011232224,0.221232755,0.256583919,126,open,pair,,ground_catcher
Todiramphus_veneratus,-0.031411989,-0.057653495,-0.041185611,-0.021315841,-0.043548921,-0.02400323,0.045969994,0.039608364,-0.016866428,0.005138852,0.037366108,65.45,woodland,pair,0,ground_catcher
Todiramphus_winchelli,-0.064948822,-0.206822289,0.284536059,-0.066730354,0.143739067,0.196718604,0.267142221,0.065850621,-0.165594842,0.239999277,0.179162661,67.39,woodland,cooperative,0,ground_catcher
Todus_angustirostris,-0.006746603,0.00695238,-0.100572809,-0.037883615,-0.082265534,-0.048911654,-0.034136955,0.032746507,-0.147622407,-0.102638659,-0.055898796,7.5,forest,cooperative,0,aerial_catcher
Todus_mexicanus,-0.068564418,0.00180886,-0.087936382,-0.019961773,-0.057327193,-0.061101547,-0.006660288,0.029842659,-0.199340521,-0.059058323,-0.006216324,5.9,forest,cooperative,0,aerial_catcher
Todus_multicolor,-0.033798383,-0.006996544,-0.137625677,-0.06714723,-0.100335087,-0.091602983,-0.025562206,-0.038029948,-0.133258032,-0.102180761,-0.094003902,5.9,woodland,cooperative,0,aerial_catcher
Todus_subulatus,-0.046958614,-0.035018492,-0.118208708,-0.067194427,-0.105168047,-0.075697768,-0.057748055,0.061560166,-0.204710543,-0.09513025,-0.069251932,8.7,forest,cooperative,0,aerial_catcher
Todus_todus,-0.088483858,-0.034063659,-0.090110632,-0.075899217,-0.066653749,-0.052829953,-0.02330587,0.027252983,-0.215698142,-0.075614258,-0.067904758,6.4,woodland,cooperative,0,aerial_catcher
Uratelornis_chimaera,-0.017914603,-0.00803051,-0.071492646,-0.039107545,-0.057085279,-0.054177595,-0.072866422,0.022058431,-0.018420942,-0.023510167,-0.0022541,226,woodland,pair,0,
